{"cameraMode":{"drawMode":0,"name":"Shaded","section":"Shading Mode"},"sceneLighting":false,"audioPlay":false,"sceneViewState":{"showFog":true,"showMaterialUpdate":false,"showSkybox":false,"showFlares":true,"showImageEffects":true,"showParticleSystems":true},"in2DMode":false,"pivot":{"x":0.06023690477013588,"y":0.033171508461236957,"z":0.04350731149315834},"rotation":{"x":-0.07296523451805115,"y":0.8403735160827637,"z":-0.11697863787412644,"w":-0.5241822004318237},"size":0.017495274543762208,"orthographic":false}