{"cameraMode":{"drawMode":0,"name":"Shaded","section":"Shading Mode"},"sceneLighting":true,"audioPlay":false,"sceneViewState":{"showFog":true,"showMaterialUpdate":false,"showSkybox":true,"showFlares":true,"showImageEffects":true,"showParticleSystems":true},"in2DMode":false,"pivot":{"x":-0.7067596912384033,"y":0.9640617966651917,"z":-0.7669929265975952},"rotation":{"x":0.10279989242553711,"y":-0.8245995044708252,"z":0.15901443362236024,"w":0.5330888032913208},"size":6.208622932434082,"orthographic":true}