{"cameraMode":{"drawMode":0,"name":"Shaded","section":"Shading Mode"},"sceneLighting":true,"audioPlay":false,"sceneViewState":{"showFog":true,"showMaterialUpdate":true,"showSkybox":true,"showFlares":true,"showImageEffects":true,"showParticleSystems":true},"in2DMode":false,"pivot":{"x":-3.683534622192383,"y":6.616501808166504,"z":1.006471037864685},"rotation":{"x":0.08044729381799698,"y":-0.8702589869499207,"z":0.1516265571117401,"w":0.4617253541946411},"size":9.718497276306153,"orthographic":false}