{"cameraMode":{"drawMode":0,"name":"Shaded","section":"Shading Mode"},"sceneLighting":false,"audioPlay":false,"sceneViewState":{"showFog":true,"showMaterialUpdate":true,"showSkybox":false,"showFlares":true,"showImageEffects":true,"showParticleSystems":true},"in2DMode":false,"pivot":{"x":146.99734497070313,"y":10.871969223022461,"z":743.0525512695313},"rotation":{"x":-0.09633751958608628,"y":0.8954331278800964,"z":-0.2365846186876297,"w":-0.3646216094493866},"size":13.47067642211914,"orthographic":false}